Engine,Transmission,Braking System,Electrical System,Fuel System,Exhaust System,Suspension System,Steering System,Cooling System
Spark Plug,Clutch,Brake Disc,Battery,Fuel Pump,Muffler,Shock Absorber,Steering Wheel,Radiator
Alternator,Gearbox,Brake Pad,Starter Motor,Fuel Injector,Catalytic Converter,Strut,Steering Rack,Thermostat
Piston,Transmission Fluid,Brake Caliper,Spark Plug Wire,Fuel Filter,Exhaust Manifold,Coil Spring,Pitman Arm,Water Pump
Oil Filter,Drive Shaft,ABS Sensor,Alternator Belt,Carburetor,Exhaust Pipe,Control Arm,Steering Column,Coolant Reservoir
Timing Belt,Flywheel,Master Cylinder,Headlight Bulb,Fuel Line,Oxygen Sensor,Sway Bar,Power Steering Pump,Radiator Hose
Cylinder Head,Shift Linkage,Brake Booster,Ignition Coil,Gas Tank,Resonator,Tie Rod End,Rack and Pinion,Heater Core
Camshaft,Torque Converter,Brake Fluid Reservoir,Fuse Box,Throttle Body,Heat Shield,Leaf Spring,Idler Arm,Clutch Fan
Crankshaft,Differential,Wheel Speed Sensor,Distributor,Fuel Rail,Exhaust Tip,Coil Spring Bracket,Drag Link,Condenser
Rod Bearing,Transmission Mount,Brake Light Switch,Voltage Regulator,Pressure Regulator,Flex Pipe,Shock Mount,Steering Gearbox,Fan Shroud
Valve Lifter,Axle Shaft,Emergency Brake Handle,Solenoid Switch,Fuel Pressure Sensor,Hanger Bracket,Stabilizer Bar,U-Joint,Thermal Switch
Crankcase,Planetary Gear Set,Brake Line,Ignition Module,Secondary Fuel Pump,Turbocharger,Control Arm Bushing,Steering Column Shaft,Radiator Cap
Timing Chain,Transmission Cooler,Brake Drum,Relay,Vapor Canister,Downpipe,Torsion Bar,Steering Dampener,Fan Belt
Connecting Rod,Clutch Slave Cylinder,Brake Proportioning Valve,Starter Relay,Fuel Pump Relay,Exhaust Clamp,Air Spring,Power Steering Hose,Oil Cooler
Crankshaft Pulley,Input Shaft,Brake Hose,Alternator Relay,EVAP Canister Purge Valve,Silencer Box,Upper Ball Joint,Power Steering Fluid,Radiator Fan
Oil Pan,Output Shaft,Drum Brake Shoe,Horn Relay,Fuel Level Sensor,Gasket Ring,Lower Ball Joint,Steering Coupler,Radiator Shroud
Valve Cover,Clutch Master Cylinder,Disc Brake Rotor,Turn Signal Switch,Fuel Tank Strap,Exhaust Bracket,Strut Mount,Steering Kingpin,Auxiliary Fan
Timing Cover,Overdrive Unit,Handbrake Lever,Headlight Relay,Fuel Return Line,EGR Valve,Leaf Spring Shackle,Steering Bearing,Radiator Core
Intake Manifold,Synchro Ring,Brake Pad Wear Sensor,Ignition Coil Pack,Fuel Filler Neck,,King Pin Bearing,Steering Arm,Overflow Tank
Exhaust Valve,Flex Plate,Drum Brake Wheel Cylinder,Control Module,Fuel Hose,,Bump Stop,Steering Stabilizer,Water Outlet
